<?xml version="1.0" encoding="UTF-8"?>

<beans xmlns="http://www.springframework.org/schema/beans"
	xmlns:xsi="http://www.w3.org/2001/XMLSchema-instance"
	xmlns:aop="http://www.springframework.org/schema/aop"
	xmlns:context="http://www.springframework.org/schema/context"
	xsi:schemaLocation="http://www.springframework.org/schema/beans
http://www.springframework.org/schema/beans/spring-beans.xsd    

http://www.springframework.org/schema/aop
http://www.springframework.org/schema/aop/spring-aop.xsd    

http://www.springframework.org/schema/context
http://www.springframework.org/schema/context/spring-context.xsd    

http://www.springframework.org/schema/jee
http://www.springframework.org/schema/jee/spring-jee.xsd    

http://www.springframework.org/schema/lang
http://www.springframework.org/schema/lang/spring-lang.xs    

http://www.springframework.org/schema/tx
http://www.springframework.org/schema/tx/spring-tx.xsd    

http://www.springframework.org/schema/util
http://www.springframework.org/schema/util/spring-util.xsd    

http://www.springframework.org/schema/task
http://www.springframework.org/schema/task/spring-task.xsd">


	<context:annotation-config />
	<context:component-scan
		base-package="com.spring.exam.repository,com.spring.exam.service">
		<context:include-filter type="annotation"
			expression="org.springframework.stereotype.Repository" />
		<context:include-filter type="annotation"
			expression="org.springframework.stereotype.Service" />
		<context:include-filter type="annotation"
			expression="org.springframework.stereotype.Component" />
	</context:component-scan>

	<!-- 커넥션풀? 계속해서 연결 시키고 끝나면 알아서 반환 시키기 ..? -->
	<bean id="dataSource"
		class="org.apache.commons.dbcp.BasicDataSource">
		<property name="driverClassName"
			value="com.mysql.jdbc.Driver" />
		<property name="url"
			value="jdbc:mysql://localhost:3306/jsp?useSSL=false&amp;useUnicode=true&amp;characterEncoding=utf8" />
		<property name="username" value="root" />
		<property name="password" value="0000" />
	</bean>

	<bean id="sqlSessionFactory"
		class="org.mybatis.spring.SqlSessionFactoryBean">
		<property name="dataSource" ref="dataSource" />
		<property name="configLocation"
			value="classpath:mybatis/configuration.xml" />

	</bean>



	<bean id="sqlSession"
		class="org.mybatis.spring.SqlSessionTemplate">
		<constructor-arg index="0" ref="sqlSessionFactory" />

	</bean>

</beans>
